{
  "optimalVoltage": 12,
  "wheelGripCoefficientOfFriction": 1.19,
  "currentLimit": {
    "drive": 40,
    "angle": 40
  },
  "conversionFactors": {
    "angle": {
      "gearRatio": 0.14814814814814814814814814814815,
      "factor": 16.592
    },
    "drive": {
      "diameter": 4,
      "gearRatio": 0.14814814814814814814814814814815,
      "factor": 0.05129772004361619523125
    }
  },
  "rampRate": {
    "drive": 0.25,
    "angle": 0.25
  }
}